{"cameraMode":{"drawMode":0,"name":"Shaded","section":"Shading Mode"},"sceneLighting":false,"audioPlay":false,"sceneViewState":{"m_AlwaysRefresh":false,"showFog":true,"showSkybox":false,"showFlares":true,"showImageEffects":true,"showParticleSystems":true,"showVisualEffectGraphs":true,"m_FxEnabled":true},"in2DMode":false,"pivot":{"x":11.62735652923584,"y":-1.365368127822876,"z":1.8090853691101075},"rotation":{"x":0.21531088650226594,"y":0.5588626265525818,"z":-0.15303489565849305,"w":0.7861392498016357},"size":0.17320533096790315,"orthographic":false}