{"cameraMode":{"drawMode":0,"name":"Shaded","section":"Shading Mode"},"sceneLighting":false,"audioPlay":false,"sceneViewState":{"m_AlwaysRefresh":false,"showFog":true,"showSkybox":false,"showFlares":true,"showImageEffects":true,"showParticleSystems":true,"showVisualEffectGraphs":true,"m_FxEnabled":true},"in2DMode":false,"pivot":{"x":2.5957658290863039,"y":4.158975601196289,"z":-11.832552909851075},"rotation":{"x":0.0006381689454428852,"y":-0.9990757703781128,"z":-0.04017496481537819,"w":-0.015881555154919626},"size":9.92635726928711,"orthographic":false}